{"cameraMode":{"drawMode":0,"name":"Shaded","section":"Shading Mode"},"sceneLighting":true,"audioPlay":false,"sceneViewState":{"m_AlwaysRefresh":false,"showFog":true,"showSkybox":true,"showFlares":true,"showImageEffects":true,"showParticleSystems":true,"showVisualEffectGraphs":true,"m_FxEnabled":true},"in2DMode":false,"pivot":{"x":-6.523665428161621,"y":1.7234383821487427,"z":-0.018119215965270997},"rotation":{"x":0.012607189826667309,"y":0.0005289833061397076,"z":-0.0047112382017076019,"w":-1.0008320808410645},"size":3.9918746948242189,"orthographic":false}